Time Level - REQUIRED,Location Number and Desc,Department Number and Desc,Sales %,Sales Volume,vs LY,Rank
YESTERDAY,"232 TACOMA MALL - TACOMA, WA",DEPT 809 WOMENS APPAREL,8.33%,1231.22,22.02%,1
YESTERDAY,"232 TACOMA MALL - TACOMA, WA",DEPT 259 FOOTWEAR,7.45%,1100.38,17.82%,2
YESTERDAY,"232 TACOMA MALL - TACOMA, WA",DEPT 207 HOME ESSENTIALS,6.85%,1012.52,-13.30%,3
YESTERDAY,"232 TACOMA MALL - TACOMA, WA",DEPT 672 BEAUTY & WELLNESS,6.07%,896.73,10.34%,4
YESTERDAY,"232 TACOMA MALL - TACOMA, WA",DEPT 459 ACCESSORIES,5.60%,827.61,-30.10%,5
YESTERDAY,"232 TACOMA MALL - TACOMA, WA",DEPT 379 MENS APPAREL,5.48%,809.19,1.74%,6
YESTERDAY,"232 TACOMA MALL - TACOMA, WA",DEPT 679 BABY DEPOT,5.17%,763.85,-18.51%,7
YESTERDAY,"232 TACOMA MALL - TACOMA, WA",DEPT 113 FOOTWEAR,5.14%,759.84,-17.34%,8
YESTERDAY,"232 TACOMA MALL - TACOMA, WA",DEPT 595 HOME ESSENTIALS,5.05%,746.66,-30.89%,9
YESTERDAY,"232 TACOMA MALL - TACOMA, WA",DEPT 611 DENIM & BOTTOMS,5.00%,738.35,-43.05%,10
YESTERDAY,"232 TACOMA MALL - TACOMA, WA",DEPT 540 DENIM & BOTTOMS,4.90%,723.2,-15.68%,11
YESTERDAY,"232 TACOMA MALL - TACOMA, WA",DEPT 365 HOME ESSENTIALS,4.87%,719.83,-15.16%,12
YESTERDAY,"232 TACOMA MALL - TACOMA, WA",DEPT 455 WOMENS APPAREL,4.82%,712.33,-5.25%,13
YESTERDAY,"232 TACOMA MALL - TACOMA, WA",DEPT 491 HOME ESSENTIALS,4.76%,703.05,-20.41%,14
YESTERDAY,"232 TACOMA MALL - TACOMA, WA",DEPT 875 ACCESSORIES,4.66%,688.19,-31.68%,15
YESTERDAY,"232 TACOMA MALL - TACOMA, WA",DEPT 993 ACCESSORIES,4.56%,673.22,-5.49%,16
YESTERDAY,"232 TACOMA MALL - TACOMA, WA",DEPT 421 HOME ESSENTIALS,3.65%,539.32,45.44%,17
YESTERDAY,"232 TACOMA MALL - TACOMA, WA",DEPT 122 HOME FRAGRANCE,3.65%,538.61,42.96%,18
YESTERDAY,"232 TACOMA MALL - TACOMA, WA",DEPT 851 HOME ESSENTIALS,2.00%,295.78,58.22%,19
YESTERDAY,"232 TACOMA MALL - TACOMA, WA",DEPT 205 ACCESSORIES,1.98%,291.86,-34.08%,20
WTD,"232 TACOMA MALL - TACOMA, WA",DEPT 151 HOME ESSENTIALS,15.00%,10661.19,61.33%,1
WTD,"232 TACOMA MALL - TACOMA, WA",DEPT 943 BEAUTY & WELLNESS,11.96%,8503.25,22.80%,2
WTD,"232 TACOMA MALL - TACOMA, WA",DEPT 606 HOME FRAGRANCE,6.37%,4524.15,2.65%,3
WTD,"232 TACOMA MALL - TACOMA, WA",DEPT 631 DENIM & BOTTOMS,6.21%,4417.34,-49.44%,4
WTD,"232 TACOMA MALL - TACOMA, WA",DEPT 942 HOME ESSENTIALS,5.64%,4012.27,18.46%,5
WTD,"232 TACOMA MALL - TACOMA, WA",DEPT 397 ACCESSORIES,5.46%,3880.26,2.17%,6
WTD,"232 TACOMA MALL - TACOMA, WA",DEPT 909 HOME ESSENTIALS,5.38%,3822.56,-58.45%,7
WTD,"232 TACOMA MALL - TACOMA, WA",DEPT 253 HOME ESSENTIALS,5.32%,3781.08,-35.53%,8
WTD,"232 TACOMA MALL - TACOMA, WA",DEPT 227 WOMENS APPAREL,4.83%,3430.47,0.89%,9
WTD,"232 TACOMA MALL - TACOMA, WA",DEPT 898 WOMENS APPAREL,4.53%,3218.07,19.31%,10
WTD,"232 TACOMA MALL - TACOMA, WA",DEPT 350 FOOTWEAR,4.08%,2903.51,-9.50%,11
WTD,"232 TACOMA MALL - TACOMA, WA",DEPT 984 HOME ESSENTIALS,3.73%,2649.03,13.13%,12
WTD,"232 TACOMA MALL - TACOMA, WA",DEPT 393 HOME ESSENTIALS,3.56%,2532.43,-13.90%,13
WTD,"232 TACOMA MALL - TACOMA, WA",DEPT 475 ACCESSORIES,3.50%,2488.19,-6.85%,14
WTD,"232 TACOMA MALL - TACOMA, WA",DEPT 317 ACCESSORIES,3.47%,2465.92,-28.80%,15
WTD,"232 TACOMA MALL - TACOMA, WA",DEPT 487 ACCESSORIES,3.20%,2276.66,31.95%,16
WTD,"232 TACOMA MALL - TACOMA, WA",DEPT 155 DENIM & BOTTOMS,2.01%,1425.58,1.00%,17
WTD,"232 TACOMA MALL - TACOMA, WA",DEPT 200 BABY DEPOT,2.00%,1423.99,7.14%,18
WTD,"232 TACOMA MALL - TACOMA, WA",DEPT 625 FOOTWEAR,1.96%,1392.44,66.09%,19
WTD,"232 TACOMA MALL - TACOMA, WA",DEPT 736 MENS APPAREL,1.79%,1269.94,27.41%,20
MTD,"232 TACOMA MALL - TACOMA, WA",DEPT 719 MENS APPAREL,17.70%,40361.63,-49.65%,1
MTD,"232 TACOMA MALL - TACOMA, WA",DEPT 565 FOOTWEAR,8.73%,19917.62,-18.29%,2
MTD,"232 TACOMA MALL - TACOMA, WA",DEPT 750 HOME ESSENTIALS,8.38%,19118.91,-7.69%,3
MTD,"232 TACOMA MALL - TACOMA, WA",DEPT 526 ACCESSORIES,6.30%,14378.2,17.56%,4
MTD,"232 TACOMA MALL - TACOMA, WA",DEPT 464 DENIM & BOTTOMS,5.68%,12960.76,-2.25%,5
MTD,"232 TACOMA MALL - TACOMA, WA",DEPT 378 ACCESSORIES,5.40%,12326.11,5.58%,6
MTD,"232 TACOMA MALL - TACOMA, WA",DEPT 597 HOME ESSENTIALS,4.56%,10411.56,-25.46%,7
MTD,"232 TACOMA MALL - TACOMA, WA",DEPT 713 WOMENS APPAREL,4.45%,10149.51,2.44%,8
MTD,"232 TACOMA MALL - TACOMA, WA",DEPT 861 HOME ESSENTIALS,4.06%,9255.2,-16.89%,9
MTD,"232 TACOMA MALL - TACOMA, WA",DEPT 843 HOME ESSENTIALS,4.03%,9181.6,-21.04%,10
MTD,"232 TACOMA MALL - TACOMA, WA",DEPT 945 WOMENS APPAREL,4.02%,9176.83,8.12%,11
MTD,"232 TACOMA MALL - TACOMA, WA",DEPT 942 HOME ESSENTIALS,3.82%,8707.14,-15.20%,12
MTD,"232 TACOMA MALL - TACOMA, WA",DEPT 827 FOOTWEAR,3.60%,8205.35,-6.48%,13
MTD,"232 TACOMA MALL - TACOMA, WA",DEPT 232 HOME ESSENTIALS,3.58%,8174.19,-30.40%,14
MTD,"232 TACOMA MALL - TACOMA, WA",DEPT 801 DENIM & BOTTOMS,3.56%,8115.74,-15.68%,15
MTD,"232 TACOMA MALL - TACOMA, WA",DEPT 575 ACCESSORIES,3.25%,7412.65,44.33%,16
MTD,"232 TACOMA MALL - TACOMA, WA",DEPT 627 BEAUTY & WELLNESS,2.43%,5535.66,12.80%,17
MTD,"232 TACOMA MALL - TACOMA, WA",DEPT 244 BABY DEPOT,2.39%,5454.13,10.63%,18
MTD,"232 TACOMA MALL - TACOMA, WA",DEPT 809 HOME FRAGRANCE,2.09%,4765.6,-34.97%,19
MTD,"232 TACOMA MALL - TACOMA, WA",DEPT 754 ACCESSORIES,1.96%,4472.07,-12.47%,20
YTD,"232 TACOMA MALL - TACOMA, WA",DEPT 328 FOOTWEAR,11.10%,1100151.85,7.11%,1
YTD,"232 TACOMA MALL - TACOMA, WA",DEPT 965 ACCESSORIES,10.14%,1005454.59,6.69%,2
YTD,"232 TACOMA MALL - TACOMA, WA",DEPT 296 ACCESSORIES,8.51%,843722.03,56.33%,3
YTD,"232 TACOMA MALL - TACOMA, WA",DEPT 423 WOMENS APPAREL,7.00%,693963.62,-16.26%,4
YTD,"232 TACOMA MALL - TACOMA, WA",DEPT 267 FOOTWEAR,6.57%,651109.51,7.50%,5
YTD,"232 TACOMA MALL - TACOMA, WA",DEPT 127 HOME ESSENTIALS,6.31%,625884.69,28.87%,6
YTD,"232 TACOMA MALL - TACOMA, WA",DEPT 215 HOME ESSENTIALS,6.08%,602300.22,-16.79%,7
YTD,"232 TACOMA MALL - TACOMA, WA",DEPT 143 HOME ESSENTIALS,5.75%,570110.37,14.12%,8
YTD,"232 TACOMA MALL - TACOMA, WA",DEPT 658 HOME ESSENTIALS,5.10%,505724.57,-21.63%,9
YTD,"232 TACOMA MALL - TACOMA, WA",DEPT 323 BABY DEPOT,5.06%,501432.98,-23.47%,10
YTD,"232 TACOMA MALL - TACOMA, WA",DEPT 614 HOME FRAGRANCE,4.74%,470256.17,-3.98%,11
YTD,"232 TACOMA MALL - TACOMA, WA",DEPT 238 MENS APPAREL,3.71%,367518.34,51.64%,12
YTD,"232 TACOMA MALL - TACOMA, WA",DEPT 350 ACCESSORIES,3.53%,349490.86,0.63%,13
YTD,"232 TACOMA MALL - TACOMA, WA",DEPT 638 DENIM & BOTTOMS,3.34%,330663.01,-6.29%,14
YTD,"232 TACOMA MALL - TACOMA, WA",DEPT 378 HOME ESSENTIALS,3.21%,318350.45,12.00%,15
YTD,"232 TACOMA MALL - TACOMA, WA",DEPT 713 HOME ESSENTIALS,2.91%,288915.02,24.95%,16
YTD,"232 TACOMA MALL - TACOMA, WA",DEPT 594 WOMENS APPAREL,2.78%,276035.45,-28.23%,17
YTD,"232 TACOMA MALL - TACOMA, WA",DEPT 655 DENIM & BOTTOMS,2.21%,218916.41,-63.08%,18
YTD,"232 TACOMA MALL - TACOMA, WA",DEPT 673 ACCESSORIES,1.13%,111579.84,2.22%,19
YTD,"232 TACOMA MALL - TACOMA, WA",DEPT 328 BEAUTY & WELLNESS,0.81%,80342.02,8.03%,20
YESTERDAY,"2712 CAPITAL CITY MALL - CAMP HILL, PA",DEPT 899 HOME ESSENTIALS,10.86%,1339.11,47.27%,1
YESTERDAY,"2712 CAPITAL CITY MALL - CAMP HILL, PA",DEPT 361 WOMENS APPAREL,9.79%,1206.69,-21.75%,2
YESTERDAY,"2712 CAPITAL CITY MALL - CAMP HILL, PA",DEPT 746 HOME ESSENTIALS,9.11%,1122.83,-15.06%,3
YESTERDAY,"2712 CAPITAL CITY MALL - CAMP HILL, PA",DEPT 153 INTIMATES,6.78%,835.44,-2.69%,4
YESTERDAY,"2712 CAPITAL CITY MALL - CAMP HILL, PA",DEPT 700 HOME ESSENTIALS,6.22%,766.65,-9.77%,5
YESTERDAY,"2712 CAPITAL CITY MALL - CAMP HILL, PA",DEPT 641 HOME ESSENTIALS,6.13%,756.33,36.60%,6
YESTERDAY,"2712 CAPITAL CITY MALL - CAMP HILL, PA",DEPT 118 MENS APPAREL,6.12%,754.52,13.76%,7
YESTERDAY,"2712 CAPITAL CITY MALL - CAMP HILL, PA",DEPT 937 BABY DEPOT,5.96%,734.27,19.08%,8
YESTERDAY,"2712 CAPITAL CITY MALL - CAMP HILL, PA",DEPT 690 ACCESSORIES,5.37%,662.53,21.03%,9
YESTERDAY,"2712 CAPITAL CITY MALL - CAMP HILL, PA",DEPT 469 MENS APPAREL,4.89%,602.73,-19.29%,10
YESTERDAY,"2712 CAPITAL CITY MALL - CAMP HILL, PA",DEPT 598 HOME ESSENTIALS,4.67%,575.74,27.47%,11
YESTERDAY,"2712 CAPITAL CITY MALL - CAMP HILL, PA",DEPT 524 ACCESSORIES,3.85%,475.15,-19.65%,12
YESTERDAY,"2712 CAPITAL CITY MALL - CAMP HILL, PA",DEPT 780 FOOTWEAR,3.75%,461.7,-30.05%,13
YESTERDAY,"2712 CAPITAL CITY MALL - CAMP HILL, PA",DEPT 361 WOMENS APPAREL,3.37%,416.04,2.66%,14
YESTERDAY,"2712 CAPITAL CITY MALL - CAMP HILL, PA",DEPT 786 HOME ESSENTIALS,3.15%,388.47,20.11%,15
YESTERDAY,"2712 CAPITAL CITY MALL - CAMP HILL, PA",DEPT 297 HOME ESSENTIALS,2.61%,322.04,83.00%,16
YESTERDAY,"2712 CAPITAL CITY MALL - CAMP HILL, PA",DEPT 413 ACCESSORIES,2.38%,293.17,20.46%,17
YESTERDAY,"2712 CAPITAL CITY MALL - CAMP HILL, PA",DEPT 965 KIDS APPAREL,1.89%,232.75,-25.28%,18
YESTERDAY,"2712 CAPITAL CITY MALL - CAMP HILL, PA",DEPT 394 TOYS & GAMES,1.77%,218.07,33.17%,19
YESTERDAY,"2712 CAPITAL CITY MALL - CAMP HILL, PA",DEPT 694 WOMENS APPAREL,1.33%,164.04,-2.47%,20
WTD,"2712 CAPITAL CITY MALL - CAMP HILL, PA",DEPT 237 HOME ESSENTIALS,14.73%,6190.81,-4.55%,1
WTD,"2712 CAPITAL CITY MALL - CAMP HILL, PA",DEPT 844 HOME ESSENTIALS,10.07%,4231.16,-4.44%,2
WTD,"2712 CAPITAL CITY MALL - CAMP HILL, PA",DEPT 548 TOYS & GAMES,7.66%,3217.77,54.00%,3
WTD,"2712 CAPITAL CITY MALL - CAMP HILL, PA",DEPT 855 WOMENS APPAREL,6.67%,2801.22,11.19%,4
WTD,"2712 CAPITAL CITY MALL - CAMP HILL, PA",DEPT 203 INTIMATES,5.66%,2379.5,-52.70%,5
WTD,"2712 CAPITAL CITY MALL - CAMP HILL, PA",DEPT 259 HOME ESSENTIALS,5.52%,2319.17,-4.82%,6
WTD,"2712 CAPITAL CITY MALL - CAMP HILL, PA",DEPT 145 HOME ESSENTIALS,5.46%,2294.48,5.40%,7
WTD,"2712 CAPITAL CITY MALL - CAMP HILL, PA",DEPT 960 MENS APPAREL,5.30%,2226.84,-64.85%,8
WTD,"2712 CAPITAL CITY MALL - CAMP HILL, PA",DEPT 677 HOME ESSENTIALS,5.16%,2167.52,3.44%,9
WTD,"2712 CAPITAL CITY MALL - CAMP HILL, PA",DEPT 853 KIDS APPAREL,4.66%,1955.87,29.89%,10
WTD,"2712 CAPITAL CITY MALL - CAMP HILL, PA",DEPT 585 WOMENS APPAREL,4.60%,1932.13,4.18%,11
WTD,"2712 CAPITAL CITY MALL - CAMP HILL, PA",DEPT 577 FOOTWEAR,3.62%,1522.02,30.04%,12
WTD,"2712 CAPITAL CITY MALL - CAMP HILL, PA",DEPT 985 ACCESSORIES,3.36%,1410.95,-18.94%,13
WTD,"2712 CAPITAL CITY MALL - CAMP HILL, PA",DEPT 841 BABY DEPOT,3.21%,1349.36,12.27%,14
WTD,"2712 CAPITAL CITY MALL - CAMP HILL, PA",DEPT 280 WOMENS APPAREL,3.02%,1267.07,-30.14%,15
WTD,"2712 CAPITAL CITY MALL - CAMP HILL, PA",DEPT 414 HOME ESSENTIALS,2.99%,1255.94,16.47%,16
WTD,"2712 CAPITAL CITY MALL - CAMP HILL, PA",DEPT 509 MENS APPAREL,2.30%,967.29,4.76%,17
WTD,"2712 CAPITAL CITY MALL - CAMP HILL, PA",DEPT 883 ACCESSORIES,2.13%,893.81,8.80%,18
WTD,"2712 CAPITAL CITY MALL - CAMP HILL, PA",DEPT 953 ACCESSORIES,2.02%,850.63,-32.21%,19
WTD,"2712 CAPITAL CITY MALL - CAMP HILL, PA",DEPT 375 HOME ESSENTIALS,1.86%,781.54,10.66%,20
MTD,"2712 CAPITAL CITY MALL - CAMP HILL, PA",DEPT 498 KIDS APPAREL,13.90%,20099.28,-53.70%,1
MTD,"2712 CAPITAL CITY MALL - CAMP HILL, PA",DEPT 949 ACCESSORIES,10.15%,14673.65,17.06%,2
MTD,"2712 CAPITAL CITY MALL - CAMP HILL, PA",DEPT 678 HOME ESSENTIALS,10.07%,14565.13,8.85%,3
MTD,"2712 CAPITAL CITY MALL - CAMP HILL, PA",DEPT 941 WOMENS APPAREL,7.39%,10689.48,90.61%,4
MTD,"2712 CAPITAL CITY MALL - CAMP HILL, PA",DEPT 703 ACCESSORIES,6.61%,9555.24,0.91%,5
MTD,"2712 CAPITAL CITY MALL - CAMP HILL, PA",DEPT 977 MENS APPAREL,6.39%,9236.02,17.09%,6
MTD,"2712 CAPITAL CITY MALL - CAMP HILL, PA",DEPT 334 HOME ESSENTIALS,5.90%,8532.16,-30.78%,7
MTD,"2712 CAPITAL CITY MALL - CAMP HILL, PA",DEPT 585 ACCESSORIES,5.87%,8481.55,11.82%,8
MTD,"2712 CAPITAL CITY MALL - CAMP HILL, PA",DEPT 390 MENS APPAREL,5.68%,8210.66,-6.58%,9
MTD,"2712 CAPITAL CITY MALL - CAMP HILL, PA",DEPT 635 HOME ESSENTIALS,4.18%,6048.04,25.92%,10
MTD,"2712 CAPITAL CITY MALL - CAMP HILL, PA",DEPT 204 BABY DEPOT,2.98%,4306.85,45.68%,11
MTD,"2712 CAPITAL CITY MALL - CAMP HILL, PA",DEPT 791 WOMENS APPAREL,2.80%,4047.19,6.01%,12
MTD,"2712 CAPITAL CITY MALL - CAMP HILL, PA",DEPT 238 FOOTWEAR,2.70%,3904.69,21.45%,13
MTD,"2712 CAPITAL CITY MALL - CAMP HILL, PA",DEPT 586 HOME ESSENTIALS,2.65%,3837.1,-37.86%,14
MTD,"2712 CAPITAL CITY MALL - CAMP HILL, PA",DEPT 985 HOME ESSENTIALS,2.45%,3546.33,51.53%,15
MTD,"2712 CAPITAL CITY MALL - CAMP HILL, PA",DEPT 557 WOMENS APPAREL,2.44%,3522.96,1.02%,16
MTD,"2712 CAPITAL CITY MALL - CAMP HILL, PA",DEPT 132 HOME ESSENTIALS,2.43%,3519.11,24.75%,17
MTD,"2712 CAPITAL CITY MALL - CAMP HILL, PA",DEPT 191 HOME ESSENTIALS,2.41%,3478.22,-51.18%,18
MTD,"2712 CAPITAL CITY MALL - CAMP HILL, PA",DEPT 164 TOYS & GAMES,2.20%,3179.92,-30.47%,19
MTD,"2712 CAPITAL CITY MALL - CAMP HILL, PA",DEPT 641 INTIMATES,0.81%,1170.51,7.31%,20
YTD,"2712 CAPITAL CITY MALL - CAMP HILL, PA",DEPT 982 MENS APPAREL,13.41%,836490.42,-18.12%,1
YTD,"2712 CAPITAL CITY MALL - CAMP HILL, PA",DEPT 251 WOMENS APPAREL,8.89%,554470.24,-32.14%,2
YTD,"2712 CAPITAL CITY MALL - CAMP HILL, PA",DEPT 555 WOMENS APPAREL,8.60%,536290.22,1.84%,3
YTD,"2712 CAPITAL CITY MALL - CAMP HILL, PA",DEPT 125 FOOTWEAR,8.26%,514917.7,13.80%,4
YTD,"2712 CAPITAL CITY MALL - CAMP HILL, PA",DEPT 131 HOME ESSENTIALS,5.94%,370262.02,2.56%,5
YTD,"2712 CAPITAL CITY MALL - CAMP HILL, PA",DEPT 629 INTIMATES,5.90%,368211.68,71.99%,6
YTD,"2712 CAPITAL CITY MALL - CAMP HILL, PA",DEPT 292 ACCESSORIES,5.26%,327901.24,35.86%,7
YTD,"2712 CAPITAL CITY MALL - CAMP HILL, PA",DEPT 332 KIDS APPAREL,5.05%,314993.65,31.08%,8
YTD,"2712 CAPITAL CITY MALL - CAMP HILL, PA",DEPT 386 BABY DEPOT,5.00%,311612.53,29.42%,9
YTD,"2712 CAPITAL CITY MALL - CAMP HILL, PA",DEPT 981 HOME ESSENTIALS,4.47%,278906.49,7.91%,10
YTD,"2712 CAPITAL CITY MALL - CAMP HILL, PA",DEPT 831 HOME ESSENTIALS,4.13%,257794.5,-7.80%,11
YTD,"2712 CAPITAL CITY MALL - CAMP HILL, PA",DEPT 230 HOME ESSENTIALS,4.06%,253197.86,3.37%,12
YTD,"2712 CAPITAL CITY MALL - CAMP HILL, PA",DEPT 341 HOME ESSENTIALS,3.69%,229872.17,-35.72%,13
YTD,"2712 CAPITAL CITY MALL - CAMP HILL, PA",DEPT 933 ACCESSORIES,3.44%,214345.83,-7.85%,14
YTD,"2712 CAPITAL CITY MALL - CAMP HILL, PA",DEPT 251 TOYS & GAMES,2.98%,185911.09,3.02%,15
YTD,"2712 CAPITAL CITY MALL - CAMP HILL, PA",DEPT 780 WOMENS APPAREL,2.47%,154116.35,-8.67%,16
YTD,"2712 CAPITAL CITY MALL - CAMP HILL, PA",DEPT 138 MENS APPAREL,2.45%,152862.75,-2.91%,17
YTD,"2712 CAPITAL CITY MALL - CAMP HILL, PA",DEPT 829 HOME ESSENTIALS,2.30%,143698.95,-10.51%,18
YTD,"2712 CAPITAL CITY MALL - CAMP HILL, PA",DEPT 119 HOME ESSENTIALS,1.85%,115675.09,-21.77%,19
YTD,"2712 CAPITAL CITY MALL - CAMP HILL, PA",DEPT 314 ACCESSORIES,1.84%,114431.02,6.43%,20
YESTERDAY,"2795 STONEBRIAR MALL - FRISCO, TX",DEPT 905 ACCESSORIES,9.46%,2579.89,57.40%,1
YESTERDAY,"2795 STONEBRIAR MALL - FRISCO, TX",DEPT 889 HOME ESSENTIALS,8.34%,2275.42,8.69%,2
YESTERDAY,"2795 STONEBRIAR MALL - FRISCO, TX",DEPT 470 KIDS APPAREL,8.12%,2215.35,-37.18%,3
YESTERDAY,"2795 STONEBRIAR MALL - FRISCO, TX",DEPT 929 MENS APPAREL,7.31%,1995.09,-5.25%,4
YESTERDAY,"2795 STONEBRIAR MALL - FRISCO, TX",DEPT 637 MENS APPAREL,7.29%,1988.82,65.77%,5
YESTERDAY,"2795 STONEBRIAR MALL - FRISCO, TX",DEPT 260 HOME ESSENTIALS,7.23%,1973.67,-11.64%,6
YESTERDAY,"2795 STONEBRIAR MALL - FRISCO, TX",DEPT 707 FOOTWEAR,6.88%,1877.89,34.04%,7
YESTERDAY,"2795 STONEBRIAR MALL - FRISCO, TX",DEPT 460 HOME ESSENTIALS,6.54%,1784.6,18.39%,8
YESTERDAY,"2795 STONEBRIAR MALL - FRISCO, TX",DEPT 562 WOMENS APPAREL,5.05%,1378.14,17.88%,9
YESTERDAY,"2795 STONEBRIAR MALL - FRISCO, TX",DEPT 300 HOME ESSENTIALS,4.70%,1281.29,19.89%,10
YESTERDAY,"2795 STONEBRIAR MALL - FRISCO, TX",DEPT 738 WOMENS APPAREL,4.11%,1121.07,13.00%,11
YESTERDAY,"2795 STONEBRIAR MALL - FRISCO, TX",DEPT 451 WOMENS APPAREL,3.81%,1038.51,2.93%,12
YESTERDAY,"2795 STONEBRIAR MALL - FRISCO, TX",DEPT 169 DENIM & BOTTOMS,3.62%,986.82,-15.78%,13
YESTERDAY,"2795 STONEBRIAR MALL - FRISCO, TX",DEPT 839 ACCESSORIES,3.46%,942.68,0.58%,14
YESTERDAY,"2795 STONEBRIAR MALL - FRISCO, TX",DEPT 842 HOME ESSENTIALS,2.99%,815.37,15.09%,15
YESTERDAY,"2795 STONEBRIAR MALL - FRISCO, TX",DEPT 508 INTIMATES,2.97%,811.43,28.06%,16
YESTERDAY,"2795 STONEBRIAR MALL - FRISCO, TX",DEPT 935 KIDS APPAREL,2.68%,730.71,-10.43%,17
YESTERDAY,"2795 STONEBRIAR MALL - FRISCO, TX",DEPT 927 INTIMATES,2.24%,612.07,38.16%,18
YESTERDAY,"2795 STONEBRIAR MALL - FRISCO, TX",DEPT 240 KIDS APPAREL,1.77%,483.0,9.90%,19
YESTERDAY,"2795 STONEBRIAR MALL - FRISCO, TX",DEPT 901 HOME ESSENTIALS,1.43%,391.03,-21.38%,20
WTD,"2795 STONEBRIAR MALL - FRISCO, TX",DEPT 509 HOME ESSENTIALS,9.34%,8310.94,17.59%,1
WTD,"2795 STONEBRIAR MALL - FRISCO, TX",DEPT 862 MENS APPAREL,8.12%,7225.86,-38.50%,2
WTD,"2795 STONEBRIAR MALL - FRISCO, TX",DEPT 465 WOMENS APPAREL,7.71%,6858.65,-18.92%,3
WTD,"2795 STONEBRIAR MALL - FRISCO, TX",DEPT 928 KIDS APPAREL,6.25%,5558.42,-28.34%,4
WTD,"2795 STONEBRIAR MALL - FRISCO, TX",DEPT 468 KIDS APPAREL,6.02%,5355.11,31.42%,5
WTD,"2795 STONEBRIAR MALL - FRISCO, TX",DEPT 798 HOME ESSENTIALS,5.97%,5311.2,-4.39%,6
WTD,"2795 STONEBRIAR MALL - FRISCO, TX",DEPT 733 FOOTWEAR,5.86%,5219.03,-47.28%,7
WTD,"2795 STONEBRIAR MALL - FRISCO, TX",DEPT 582 KIDS APPAREL,5.42%,4821.81,23.27%,8
WTD,"2795 STONEBRIAR MALL - FRISCO, TX",DEPT 361 MENS APPAREL,5.14%,4575.5,-7.61%,9
WTD,"2795 STONEBRIAR MALL - FRISCO, TX",DEPT 444 HOME ESSENTIALS,4.98%,4435.0,36.63%,10
WTD,"2795 STONEBRIAR MALL - FRISCO, TX",DEPT 855 INTIMATES,4.87%,4334.85,-14.13%,11
WTD,"2795 STONEBRIAR MALL - FRISCO, TX",DEPT 520 HOME ESSENTIALS,4.87%,4330.69,0.14%,12
WTD,"2795 STONEBRIAR MALL - FRISCO, TX",DEPT 904 HOME ESSENTIALS,4.78%,4258.47,-68.22%,13
WTD,"2795 STONEBRIAR MALL - FRISCO, TX",DEPT 459 DENIM & BOTTOMS,4.07%,3622.83,9.78%,14
WTD,"2795 STONEBRIAR MALL - FRISCO, TX",DEPT 498 WOMENS APPAREL,3.89%,3459.81,28.30%,15
WTD,"2795 STONEBRIAR MALL - FRISCO, TX",DEPT 443 ACCESSORIES,3.48%,3099.88,57.12%,16
WTD,"2795 STONEBRIAR MALL - FRISCO, TX",DEPT 190 HOME ESSENTIALS,3.21%,2860.4,10.77%,17
WTD,"2795 STONEBRIAR MALL - FRISCO, TX",DEPT 114 INTIMATES,2.52%,2239.93,7.09%,18
WTD,"2795 STONEBRIAR MALL - FRISCO, TX",DEPT 192 ACCESSORIES,2.41%,2145.82,-3.87%,19
WTD,"2795 STONEBRIAR MALL - FRISCO, TX",DEPT 554 WOMENS APPAREL,1.10%,978.77,10.82%,20
MTD,"2795 STONEBRIAR MALL - FRISCO, TX",DEPT 705 MENS APPAREL,12.23%,40965.86,23.95%,1
MTD,"2795 STONEBRIAR MALL - FRISCO, TX",DEPT 338 FOOTWEAR,8.09%,27103.49,62.11%,2
MTD,"2795 STONEBRIAR MALL - FRISCO, TX",DEPT 326 HOME ESSENTIALS,8.00%,26781.69,26.52%,3
MTD,"2795 STONEBRIAR MALL - FRISCO, TX",DEPT 750 INTIMATES,7.27%,24356.33,32.05%,4
MTD,"2795 STONEBRIAR MALL - FRISCO, TX",DEPT 673 WOMENS APPAREL,6.47%,21679.56,-21.58%,5
MTD,"2795 STONEBRIAR MALL - FRISCO, TX",DEPT 567 DENIM & BOTTOMS,5.90%,19749.65,-23.69%,6
MTD,"2795 STONEBRIAR MALL - FRISCO, TX",DEPT 376 KIDS APPAREL,5.73%,19176.33,41.26%,7
MTD,"2795 STONEBRIAR MALL - FRISCO, TX",DEPT 569 HOME ESSENTIALS,5.68%,19023.82,-20.42%,8
MTD,"2795 STONEBRIAR MALL - FRISCO, TX",DEPT 457 ACCESSORIES,5.47%,18313.62,-34.92%,9
MTD,"2795 STONEBRIAR MALL - FRISCO, TX",DEPT 244 KIDS APPAREL,5.08%,17011.11,-34.06%,10
MTD,"2795 STONEBRIAR MALL - FRISCO, TX",DEPT 659 HOME ESSENTIALS,4.28%,14316.09,-19.23%,11
MTD,"2795 STONEBRIAR MALL - FRISCO, TX",DEPT 166 ACCESSORIES,4.13%,13821.16,-20.03%,12
MTD,"2795 STONEBRIAR MALL - FRISCO, TX",DEPT 513 HOME ESSENTIALS,3.92%,13140.6,1.93%,13
MTD,"2795 STONEBRIAR MALL - FRISCO, TX",DEPT 855 WOMENS APPAREL,3.39%,11343.66,-1.25%,14
MTD,"2795 STONEBRIAR MALL - FRISCO, TX",DEPT 211 WOMENS APPAREL,3.34%,11197.29,11.63%,15
MTD,"2795 STONEBRIAR MALL - FRISCO, TX",DEPT 903 HOME ESSENTIALS,3.19%,10683.48,-19.82%,16
MTD,"2795 STONEBRIAR MALL - FRISCO, TX",DEPT 718 HOME ESSENTIALS,2.70%,9027.2,30.43%,17
MTD,"2795 STONEBRIAR MALL - FRISCO, TX",DEPT 668 INTIMATES,2.51%,8418.95,-8.98%,18
MTD,"2795 STONEBRIAR MALL - FRISCO, TX",DEPT 166 MENS APPAREL,1.36%,4541.66,-18.34%,19
MTD,"2795 STONEBRIAR MALL - FRISCO, TX",DEPT 316 KIDS APPAREL,1.25%,4179.56,21.51%,20
YTD,"2795 STONEBRIAR MALL - FRISCO, TX",DEPT 426 FOOTWEAR,11.21%,2056637.82,-14.93%,1
YTD,"2795 STONEBRIAR MALL - FRISCO, TX",DEPT 555 WOMENS APPAREL,9.04%,1657495.26,39.15%,2
YTD,"2795 STONEBRIAR MALL - FRISCO, TX",DEPT 410 MENS APPAREL,8.61%,1578657.3,-28.61%,3
YTD,"2795 STONEBRIAR MALL - FRISCO, TX",DEPT 529 KIDS APPAREL,7.93%,1454804.16,-2.14%,4
YTD,"2795 STONEBRIAR MALL - FRISCO, TX",DEPT 600 HOME ESSENTIALS,7.27%,1333742.75,51.92%,5
YTD,"2795 STONEBRIAR MALL - FRISCO, TX",DEPT 814 DENIM & BOTTOMS,6.41%,1176285.89,12.41%,6
YTD,"2795 STONEBRIAR MALL - FRISCO, TX",DEPT 287 HOME ESSENTIALS,5.69%,1044227.84,-9.45%,7
YTD,"2795 STONEBRIAR MALL - FRISCO, TX",DEPT 797 MENS APPAREL,4.91%,899948.16,15.24%,8
YTD,"2795 STONEBRIAR MALL - FRISCO, TX",DEPT 867 HOME ESSENTIALS,4.80%,879379.95,43.19%,9
YTD,"2795 STONEBRIAR MALL - FRISCO, TX",DEPT 450 WOMENS APPAREL,4.65%,852812.51,-25.93%,10
YTD,"2795 STONEBRIAR MALL - FRISCO, TX",DEPT 822 INTIMATES,4.46%,818422.15,39.49%,11
YTD,"2795 STONEBRIAR MALL - FRISCO, TX",DEPT 765 KIDS APPAREL,4.41%,808050.52,-11.92%,12
YTD,"2795 STONEBRIAR MALL - FRISCO, TX",DEPT 918 HOME ESSENTIALS,4.35%,798519.81,24.64%,13
YTD,"2795 STONEBRIAR MALL - FRISCO, TX",DEPT 992 WOMENS APPAREL,3.44%,631425.65,-38.03%,14
YTD,"2795 STONEBRIAR MALL - FRISCO, TX",DEPT 262 HOME ESSENTIALS,2.77%,507997.0,10.73%,15
YTD,"2795 STONEBRIAR MALL - FRISCO, TX",DEPT 997 ACCESSORIES,2.52%,462879.11,1.38%,16
YTD,"2795 STONEBRIAR MALL - FRISCO, TX",DEPT 456 ACCESSORIES,2.30%,421547.68,8.48%,17
YTD,"2795 STONEBRIAR MALL - FRISCO, TX",DEPT 228 HOME ESSENTIALS,2.22%,406449.91,-17.15%,18
YTD,"2795 STONEBRIAR MALL - FRISCO, TX",DEPT 248 KIDS APPAREL,2.18%,400151.79,28.04%,19
YTD,"2795 STONEBRIAR MALL - FRISCO, TX",DEPT 333 INTIMATES,0.81%,149309.85,37.32%,20
YESTERDAY,"766 BRANDON TOWN CTR - BRANDON, FL",DEPT 782 HOME ESSENTIALS,7.98%,2157.7,-18.14%,1
YESTERDAY,"766 BRANDON TOWN CTR - BRANDON, FL",DEPT 513 WOMENS APPAREL,7.23%,1955.88,19.94%,2
YESTERDAY,"766 BRANDON TOWN CTR - BRANDON, FL",DEPT 191 ACCESSORIES,7.16%,1936.55,-5.87%,3
YESTERDAY,"766 BRANDON TOWN CTR - BRANDON, FL",DEPT 724 HOME ESSENTIALS,7.06%,1909.66,33.48%,4
YESTERDAY,"766 BRANDON TOWN CTR - BRANDON, FL",DEPT 489 WOMENS APPAREL,6.80%,1839.9,-54.08%,5
YESTERDAY,"766 BRANDON TOWN CTR - BRANDON, FL",DEPT 450 BRANDED SPORTSWEAR,6.08%,1643.87,-22.29%,6
YESTERDAY,"766 BRANDON TOWN CTR - BRANDON, FL",DEPT 754 HOME ESSENTIALS,5.87%,1588.5,32.08%,7
YESTERDAY,"766 BRANDON TOWN CTR - BRANDON, FL",DEPT 638 WOMENS APPAREL,5.75%,1555.22,14.15%,8
YESTERDAY,"766 BRANDON TOWN CTR - BRANDON, FL",DEPT 873 BEAUTY & WELLNESS,5.62%,1518.6,-64.89%,9
YESTERDAY,"766 BRANDON TOWN CTR - BRANDON, FL",DEPT 371 MENS APPAREL,5.11%,1381.52,-41.36%,10
YESTERDAY,"766 BRANDON TOWN CTR - BRANDON, FL",DEPT 799 HOME ESSENTIALS,4.34%,1174.2,-49.85%,11
YESTERDAY,"766 BRANDON TOWN CTR - BRANDON, FL",DEPT 892 WOMENS APPAREL,3.97%,1072.91,26.37%,12
YESTERDAY,"766 BRANDON TOWN CTR - BRANDON, FL",DEPT 787 MENS APPAREL,3.93%,1063.21,-4.01%,13
YESTERDAY,"766 BRANDON TOWN CTR - BRANDON, FL",DEPT 443 BABY DEPOT,3.87%,1047.6,-1.78%,14
YESTERDAY,"766 BRANDON TOWN CTR - BRANDON, FL",DEPT 383 INTIMATES,3.84%,1038.19,-29.21%,15
YESTERDAY,"766 BRANDON TOWN CTR - BRANDON, FL",DEPT 202 BEAUTY & WELLNESS,3.71%,1003.45,-53.16%,16
YESTERDAY,"766 BRANDON TOWN CTR - BRANDON, FL",DEPT 435 HOME ESSENTIALS,3.53%,954.48,11.38%,17
YESTERDAY,"766 BRANDON TOWN CTR - BRANDON, FL",DEPT 214 HOME ESSENTIALS,3.40%,920.53,-6.65%,18
YESTERDAY,"766 BRANDON TOWN CTR - BRANDON, FL",DEPT 826 WOMENS APPAREL,2.73%,738.23,-26.32%,19
YESTERDAY,"766 BRANDON TOWN CTR - BRANDON, FL",DEPT 177 BABY DEPOT,2.01%,542.6,7.02%,20
WTD,"766 BRANDON TOWN CTR - BRANDON, FL",DEPT 374 HOME ESSENTIALS,10.64%,12696.7,-1.82%,1
WTD,"766 BRANDON TOWN CTR - BRANDON, FL",DEPT 643 INTIMATES,9.90%,11806.21,35.88%,2
WTD,"766 BRANDON TOWN CTR - BRANDON, FL",DEPT 901 BABY DEPOT,9.87%,11776.4,24.69%,3
WTD,"766 BRANDON TOWN CTR - BRANDON, FL",DEPT 772 WOMENS APPAREL,8.13%,9698.58,-57.95%,4
WTD,"766 BRANDON TOWN CTR - BRANDON, FL",DEPT 644 HOME ESSENTIALS,7.60%,9061.67,-1.73%,5
WTD,"766 BRANDON TOWN CTR - BRANDON, FL",DEPT 717 WOMENS APPAREL,7.58%,9047.59,5.59%,6
WTD,"766 BRANDON TOWN CTR - BRANDON, FL",DEPT 153 HOME ESSENTIALS,6.65%,7926.62,26.20%,7
WTD,"766 BRANDON TOWN CTR - BRANDON, FL",DEPT 668 ACCESSORIES,5.46%,6511.09,10.40%,8
WTD,"766 BRANDON TOWN CTR - BRANDON, FL",DEPT 572 MENS APPAREL,4.69%,5590.42,-49.74%,9
WTD,"766 BRANDON TOWN CTR - BRANDON, FL",DEPT 431 HOME ESSENTIALS,4.31%,5140.62,-25.34%,10
WTD,"766 BRANDON TOWN CTR - BRANDON, FL",DEPT 471 BEAUTY & WELLNESS,4.16%,4967.07,20.10%,11
WTD,"766 BRANDON TOWN CTR - BRANDON, FL",DEPT 173 WOMENS APPAREL,3.44%,4102.1,-47.25%,12
WTD,"766 BRANDON TOWN CTR - BRANDON, FL",DEPT 413 BABY DEPOT,2.89%,3447.52,2.57%,13
WTD,"766 BRANDON TOWN CTR - BRANDON, FL",DEPT 991 HOME ESSENTIALS,2.87%,3429.1,34.21%,14
WTD,"766 BRANDON TOWN CTR - BRANDON, FL",DEPT 671 MENS APPAREL,2.66%,3174.64,5.50%,15
WTD,"766 BRANDON TOWN CTR - BRANDON, FL",DEPT 810 WOMENS APPAREL,2.21%,2638.26,17.48%,16
WTD,"766 BRANDON TOWN CTR - BRANDON, FL",DEPT 644 BRANDED SPORTSWEAR,2.09%,2490.4,-6.38%,17
WTD,"766 BRANDON TOWN CTR - BRANDON, FL",DEPT 280 BEAUTY & WELLNESS,2.08%,2484.02,43.61%,18
WTD,"766 BRANDON TOWN CTR - BRANDON, FL",DEPT 576 HOME ESSENTIALS,1.77%,2113.31,16.21%,19
WTD,"766 BRANDON TOWN CTR - BRANDON, FL",DEPT 632 WOMENS APPAREL,0.99%,1184.18,55.20%,20
MTD,"766 BRANDON TOWN CTR - BRANDON, FL",DEPT 343 BABY DEPOT,8.42%,29933.83,30.82%,1
MTD,"766 BRANDON TOWN CTR - BRANDON, FL",DEPT 965 HOME ESSENTIALS,8.28%,29462.25,9.67%,2
MTD,"766 BRANDON TOWN CTR - BRANDON, FL",DEPT 985 WOMENS APPAREL,8.20%,29155.02,33.54%,3
MTD,"766 BRANDON TOWN CTR - BRANDON, FL",DEPT 127 ACCESSORIES,7.85%,27923.26,-48.42%,4
MTD,"766 BRANDON TOWN CTR - BRANDON, FL",DEPT 780 WOMENS APPAREL,7.32%,26026.82,24.75%,5
MTD,"766 BRANDON TOWN CTR - BRANDON, FL",DEPT 243 HOME ESSENTIALS,7.08%,25187.93,10.53%,6
MTD,"766 BRANDON TOWN CTR - BRANDON, FL",DEPT 190 WOMENS APPAREL,6.97%,24780.8,-4.31%,7
MTD,"766 BRANDON TOWN CTR - BRANDON, FL",DEPT 512 HOME ESSENTIALS,5.41%,19241.93,-6.54%,8
MTD,"766 BRANDON TOWN CTR - BRANDON, FL",DEPT 642 WOMENS APPAREL,5.24%,18630.43,-8.52%,9
MTD,"766 BRANDON TOWN CTR - BRANDON, FL",DEPT 590 HOME ESSENTIALS,5.06%,17998.67,18.98%,10
MTD,"766 BRANDON TOWN CTR - BRANDON, FL",DEPT 681 BEAUTY & WELLNESS,4.52%,16056.49,34.42%,11
MTD,"766 BRANDON TOWN CTR - BRANDON, FL",DEPT 772 BRANDED SPORTSWEAR,4.46%,15866.44,68.36%,12
MTD,"766 BRANDON TOWN CTR - BRANDON, FL",DEPT 435 MENS APPAREL,4.40%,15655.13,-2.42%,13
MTD,"766 BRANDON TOWN CTR - BRANDON, FL",DEPT 299 BABY DEPOT,3.31%,11781.56,-14.98%,14
MTD,"766 BRANDON TOWN CTR - BRANDON, FL",DEPT 909 MENS APPAREL,3.12%,11091.53,-18.20%,15
MTD,"766 BRANDON TOWN CTR - BRANDON, FL",DEPT 136 BEAUTY & WELLNESS,2.77%,9851.78,-22.92%,16
MTD,"766 BRANDON TOWN CTR - BRANDON, FL",DEPT 454 INTIMATES,2.64%,9394.78,6.79%,17
MTD,"766 BRANDON TOWN CTR - BRANDON, FL",DEPT 750 HOME ESSENTIALS,2.31%,8218.72,-8.14%,18
MTD,"766 BRANDON TOWN CTR - BRANDON, FL",DEPT 732 WOMENS APPAREL,1.32%,4691.46,-0.06%,19
MTD,"766 BRANDON TOWN CTR - BRANDON, FL",DEPT 918 HOME ESSENTIALS,1.31%,4674.3,-19.83%,20
YTD,"766 BRANDON TOWN CTR - BRANDON, FL",DEPT 282 BRANDED SPORTSWEAR,8.79%,1009799.51,-15.87%,1
YTD,"766 BRANDON TOWN CTR - BRANDON, FL",DEPT 930 BABY DEPOT,8.54%,981007.47,22.83%,2
YTD,"766 BRANDON TOWN CTR - BRANDON, FL",DEPT 956 WOMENS APPAREL,6.86%,788803.53,-29.62%,3
YTD,"766 BRANDON TOWN CTR - BRANDON, FL",DEPT 227 WOMENS APPAREL,6.60%,758241.01,-3.25%,4
YTD,"766 BRANDON TOWN CTR - BRANDON, FL",DEPT 708 HOME ESSENTIALS,5.80%,666943.55,35.56%,5
YTD,"766 BRANDON TOWN CTR - BRANDON, FL",DEPT 332 HOME ESSENTIALS,5.79%,665021.1,-9.76%,6
YTD,"766 BRANDON TOWN CTR - BRANDON, FL",DEPT 325 MENS APPAREL,5.59%,641939.13,21.56%,7
YTD,"766 BRANDON TOWN CTR - BRANDON, FL",DEPT 186 HOME ESSENTIALS,5.56%,639118.64,-59.20%,8
YTD,"766 BRANDON TOWN CTR - BRANDON, FL",DEPT 534 WOMENS APPAREL,5.45%,626433.68,16.42%,9
YTD,"766 BRANDON TOWN CTR - BRANDON, FL",DEPT 737 BABY DEPOT,5.10%,585917.14,-40.75%,10
YTD,"766 BRANDON TOWN CTR - BRANDON, FL",DEPT 715 ACCESSORIES,4.76%,547417.38,38.71%,11
YTD,"766 BRANDON TOWN CTR - BRANDON, FL",DEPT 239 INTIMATES,4.75%,546268.84,-7.51%,12
YTD,"766 BRANDON TOWN CTR - BRANDON, FL",DEPT 692 WOMENS APPAREL,4.37%,502013.37,37.07%,13
YTD,"766 BRANDON TOWN CTR - BRANDON, FL",DEPT 746 BEAUTY & WELLNESS,4.30%,493778.79,-1.58%,14
YTD,"766 BRANDON TOWN CTR - BRANDON, FL",DEPT 789 HOME ESSENTIALS,3.91%,448816.81,5.07%,15
YTD,"766 BRANDON TOWN CTR - BRANDON, FL",DEPT 890 HOME ESSENTIALS,3.75%,430421.26,12.46%,16
YTD,"766 BRANDON TOWN CTR - BRANDON, FL",DEPT 455 BEAUTY & WELLNESS,3.29%,377662.42,-4.06%,17
YTD,"766 BRANDON TOWN CTR - BRANDON, FL",DEPT 654 WOMENS APPAREL,3.06%,351206.38,-46.85%,18
YTD,"766 BRANDON TOWN CTR - BRANDON, FL",DEPT 824 HOME ESSENTIALS,2.33%,267306.3,-6.14%,19
YTD,"766 BRANDON TOWN CTR - BRANDON, FL",DEPT 952 MENS APPAREL,1.43%,164577.83,-50.89%,20
YESTERDAY,"786 MARLEY STATION MALL - GLEN BURNIE, MD",DEPT 206 HOME ESSENTIALS,14.29%,1968.68,-3.06%,1
YESTERDAY,"786 MARLEY STATION MALL - GLEN BURNIE, MD",DEPT 606 WOMENS APPAREL,7.49%,1031.51,-2.42%,2
YESTERDAY,"786 MARLEY STATION MALL - GLEN BURNIE, MD",DEPT 396 BABY DEPOT,6.90%,950.45,-13.68%,3
YESTERDAY,"786 MARLEY STATION MALL - GLEN BURNIE, MD",DEPT 515 KIDS APPAREL,6.37%,877.13,-18.66%,4
YESTERDAY,"786 MARLEY STATION MALL - GLEN BURNIE, MD",DEPT 857 MENS APPAREL,5.98%,823.41,-8.28%,5
YESTERDAY,"786 MARLEY STATION MALL - GLEN BURNIE, MD",DEPT 931 WOMENS APPAREL,5.70%,785.05,29.98%,6
YESTERDAY,"786 MARLEY STATION MALL - GLEN BURNIE, MD",DEPT 752 MENS APPAREL,5.50%,758.32,7.03%,7
YESTERDAY,"786 MARLEY STATION MALL - GLEN BURNIE, MD",DEPT 415 HOME ESSENTIALS,5.47%,754.11,-70.92%,8
YESTERDAY,"786 MARLEY STATION MALL - GLEN BURNIE, MD",DEPT 374 HOME ESSENTIALS,5.42%,746.6,12.25%,9
YESTERDAY,"786 MARLEY STATION MALL - GLEN BURNIE, MD",DEPT 387 ACCESSORIES,5.38%,741.93,-15.08%,10
YESTERDAY,"786 MARLEY STATION MALL - GLEN BURNIE, MD",DEPT 569 LICENSED APPAREL,5.17%,711.72,-10.31%,11
YESTERDAY,"786 MARLEY STATION MALL - GLEN BURNIE, MD",DEPT 719 HOME ESSENTIALS,4.66%,642.54,27.70%,12
YESTERDAY,"786 MARLEY STATION MALL - GLEN BURNIE, MD",DEPT 739 HOME ESSENTIALS,4.16%,572.57,42.34%,13
YESTERDAY,"786 MARLEY STATION MALL - GLEN BURNIE, MD",DEPT 850 BEAUTY & WELLNESS,3.54%,488.17,19.10%,14
YESTERDAY,"786 MARLEY STATION MALL - GLEN BURNIE, MD",DEPT 712 SEASONAL & GIFTS,3.50%,482.02,27.60%,15
YESTERDAY,"786 MARLEY STATION MALL - GLEN BURNIE, MD",DEPT 826 HOME ESSENTIALS,2.66%,367.04,-32.38%,16
YESTERDAY,"786 MARLEY STATION MALL - GLEN BURNIE, MD",DEPT 851 HOME ESSENTIALS,2.29%,315.02,36.16%,17
YESTERDAY,"786 MARLEY STATION MALL - GLEN BURNIE, MD",DEPT 419 WOMENS APPAREL,2.17%,299.46,23.98%,18
YESTERDAY,"786 MARLEY STATION MALL - GLEN BURNIE, MD",DEPT 673 SEASONAL & GIFTS,2.03%,279.84,6.21%,19
YESTERDAY,"786 MARLEY STATION MALL - GLEN BURNIE, MD",DEPT 633 HOME ESSENTIALS,1.33%,182.74,-23.10%,20
WTD,"786 MARLEY STATION MALL - GLEN BURNIE, MD",DEPT 789 ACCESSORIES,8.61%,4419.19,8.43%,1
WTD,"786 MARLEY STATION MALL - GLEN BURNIE, MD",DEPT 438 HOME ESSENTIALS,8.49%,4353.69,9.34%,2
WTD,"786 MARLEY STATION MALL - GLEN BURNIE, MD",DEPT 513 MENS APPAREL,8.06%,4133.4,-32.67%,3
WTD,"786 MARLEY STATION MALL - GLEN BURNIE, MD",DEPT 382 SEASONAL & GIFTS,7.84%,4020.45,40.46%,4
WTD,"786 MARLEY STATION MALL - GLEN BURNIE, MD",DEPT 725 KIDS APPAREL,7.80%,4001.41,15.70%,5
WTD,"786 MARLEY STATION MALL - GLEN BURNIE, MD",DEPT 836 BEAUTY & WELLNESS,7.57%,3882.66,-16.15%,6
WTD,"786 MARLEY STATION MALL - GLEN BURNIE, MD",DEPT 127 WOMENS APPAREL,6.50%,3333.32,37.25%,7
WTD,"786 MARLEY STATION MALL - GLEN BURNIE, MD",DEPT 789 BABY DEPOT,5.99%,3072.8,-0.43%,8
WTD,"786 MARLEY STATION MALL - GLEN BURNIE, MD",DEPT 948 HOME ESSENTIALS,5.12%,2627.1,8.87%,9
WTD,"786 MARLEY STATION MALL - GLEN BURNIE, MD",DEPT 785 HOME ESSENTIALS,4.42%,2267.95,-45.73%,10
WTD,"786 MARLEY STATION MALL - GLEN BURNIE, MD",DEPT 330 HOME ESSENTIALS,3.98%,2042.93,19.40%,11
WTD,"786 MARLEY STATION MALL - GLEN BURNIE, MD",DEPT 222 WOMENS APPAREL,3.88%,1990.08,-13.68%,12
WTD,"786 MARLEY STATION MALL - GLEN BURNIE, MD",DEPT 676 HOME ESSENTIALS,3.26%,1670.0,-0.92%,13
WTD,"786 MARLEY STATION MALL - GLEN BURNIE, MD",DEPT 890 MENS APPAREL,3.19%,1638.25,-44.24%,14
WTD,"786 MARLEY STATION MALL - GLEN BURNIE, MD",DEPT 993 HOME ESSENTIALS,3.12%,1597.97,-37.91%,15
WTD,"786 MARLEY STATION MALL - GLEN BURNIE, MD",DEPT 720 LICENSED APPAREL,2.93%,1501.92,11.83%,16
WTD,"786 MARLEY STATION MALL - GLEN BURNIE, MD",DEPT 111 WOMENS APPAREL,2.58%,1325.0,-9.55%,17
WTD,"786 MARLEY STATION MALL - GLEN BURNIE, MD",DEPT 238 SEASONAL & GIFTS,2.53%,1295.9,1.87%,18
WTD,"786 MARLEY STATION MALL - GLEN BURNIE, MD",DEPT 913 HOME ESSENTIALS,2.31%,1186.48,22.78%,19
WTD,"786 MARLEY STATION MALL - GLEN BURNIE, MD",DEPT 723 HOME ESSENTIALS,1.83%,936.52,-12.05%,20
MTD,"786 MARLEY STATION MALL - GLEN BURNIE, MD",DEPT 337 HOME ESSENTIALS,11.41%,15706.2,3.49%,1
MTD,"786 MARLEY STATION MALL - GLEN BURNIE, MD",DEPT 891 SEASONAL & GIFTS,8.83%,12147.19,-34.21%,2
MTD,"786 MARLEY STATION MALL - GLEN BURNIE, MD",DEPT 451 HOME ESSENTIALS,7.58%,10431.32,-38.38%,3
MTD,"786 MARLEY STATION MALL - GLEN BURNIE, MD",DEPT 728 LICENSED APPAREL,6.81%,9375.82,-5.18%,4
MTD,"786 MARLEY STATION MALL - GLEN BURNIE, MD",DEPT 835 BABY DEPOT,6.76%,9297.99,-22.06%,5
MTD,"786 MARLEY STATION MALL - GLEN BURNIE, MD",DEPT 391 BEAUTY & WELLNESS,6.45%,8870.7,28.19%,6
MTD,"786 MARLEY STATION MALL - GLEN BURNIE, MD",DEPT 802 ACCESSORIES,5.96%,8198.18,-22.10%,7
MTD,"786 MARLEY STATION MALL - GLEN BURNIE, MD",DEPT 709 HOME ESSENTIALS,5.50%,7575.23,-67.15%,8
MTD,"786 MARLEY STATION MALL - GLEN BURNIE, MD",DEPT 824 WOMENS APPAREL,4.78%,6577.31,-34.83%,9
MTD,"786 MARLEY STATION MALL - GLEN BURNIE, MD",DEPT 714 KIDS APPAREL,4.58%,6305.73,-20.83%,10
MTD,"786 MARLEY STATION MALL - GLEN BURNIE, MD",DEPT 778 MENS APPAREL,3.80%,5231.58,8.07%,11
MTD,"786 MARLEY STATION MALL - GLEN BURNIE, MD",DEPT 629 HOME ESSENTIALS,3.73%,5132.84,28.19%,12
MTD,"786 MARLEY STATION MALL - GLEN BURNIE, MD",DEPT 607 HOME ESSENTIALS,3.49%,4805.04,23.29%,13
MTD,"786 MARLEY STATION MALL - GLEN BURNIE, MD",DEPT 375 MENS APPAREL,3.29%,4526.82,-15.14%,14
MTD,"786 MARLEY STATION MALL - GLEN BURNIE, MD",DEPT 184 HOME ESSENTIALS,3.28%,4508.66,18.97%,15
MTD,"786 MARLEY STATION MALL - GLEN BURNIE, MD",DEPT 115 SEASONAL & GIFTS,3.26%,4487.95,19.34%,16
MTD,"786 MARLEY STATION MALL - GLEN BURNIE, MD",DEPT 984 HOME ESSENTIALS,2.86%,3937.68,-23.18%,17
MTD,"786 MARLEY STATION MALL - GLEN BURNIE, MD",DEPT 394 WOMENS APPAREL,2.80%,3853.74,-32.44%,18
MTD,"786 MARLEY STATION MALL - GLEN BURNIE, MD",DEPT 152 WOMENS APPAREL,2.49%,3431.0,-15.01%,19
MTD,"786 MARLEY STATION MALL - GLEN BURNIE, MD",DEPT 643 HOME ESSENTIALS,2.34%,3222.82,-4.59%,20
YTD,"786 MARLEY STATION MALL - GLEN BURNIE, MD",DEPT 658 HOME ESSENTIALS,8.52%,604553.26,-26.49%,1
YTD,"786 MARLEY STATION MALL - GLEN BURNIE, MD",DEPT 225 SEASONAL & GIFTS,8.44%,598999.6,2.98%,2
YTD,"786 MARLEY STATION MALL - GLEN BURNIE, MD",DEPT 755 BABY DEPOT,7.42%,526251.05,-72.56%,3
YTD,"786 MARLEY STATION MALL - GLEN BURNIE, MD",DEPT 369 HOME ESSENTIALS,6.93%,492089.58,-28.71%,4
YTD,"786 MARLEY STATION MALL - GLEN BURNIE, MD",DEPT 946 HOME ESSENTIALS,6.70%,475151.4,-14.69%,5
YTD,"786 MARLEY STATION MALL - GLEN BURNIE, MD",DEPT 476 HOME ESSENTIALS,6.48%,459696.51,-44.94%,6
YTD,"786 MARLEY STATION MALL - GLEN BURNIE, MD",DEPT 955 MENS APPAREL,5.68%,402909.72,10.08%,7
YTD,"786 MARLEY STATION MALL - GLEN BURNIE, MD",DEPT 697 HOME ESSENTIALS,5.27%,373842.04,-33.79%,8
YTD,"786 MARLEY STATION MALL - GLEN BURNIE, MD",DEPT 950 ACCESSORIES,5.21%,369443.87,-58.62%,9
YTD,"786 MARLEY STATION MALL - GLEN BURNIE, MD",DEPT 111 LICENSED APPAREL,5.20%,368645.39,12.27%,10
YTD,"786 MARLEY STATION MALL - GLEN BURNIE, MD",DEPT 840 HOME ESSENTIALS,4.62%,327675.33,-39.41%,11
YTD,"786 MARLEY STATION MALL - GLEN BURNIE, MD",DEPT 710 SEASONAL & GIFTS,4.43%,314271.36,29.14%,12
YTD,"786 MARLEY STATION MALL - GLEN BURNIE, MD",DEPT 400 KIDS APPAREL,3.72%,264305.27,24.65%,13
YTD,"786 MARLEY STATION MALL - GLEN BURNIE, MD",DEPT 598 HOME ESSENTIALS,3.55%,251727.5,6.74%,14
YTD,"786 MARLEY STATION MALL - GLEN BURNIE, MD",DEPT 734 MENS APPAREL,3.43%,243739.7,-12.69%,15
YTD,"786 MARLEY STATION MALL - GLEN BURNIE, MD",DEPT 343 WOMENS APPAREL,3.41%,241829.09,9.85%,16
YTD,"786 MARLEY STATION MALL - GLEN BURNIE, MD",DEPT 945 WOMENS APPAREL,3.19%,226541.66,-19.84%,17
YTD,"786 MARLEY STATION MALL - GLEN BURNIE, MD",DEPT 896 HOME ESSENTIALS,2.84%,201540.24,-7.26%,18
YTD,"786 MARLEY STATION MALL - GLEN BURNIE, MD",DEPT 622 WOMENS APPAREL,2.54%,180412.41,-2.72%,19
YTD,"786 MARLEY STATION MALL - GLEN BURNIE, MD",DEPT 847 BEAUTY & WELLNESS,2.43%,172312.86,10.28%,20
